step,li_err, learning_rate, time_train, time_mc  
 150, 9.53900146484375, 0.009999999776482582, 17.6160147190094, 0.8050799369812012
