train_steps, RMSE, Max_Error 
 10, 7.467603, 7.974771 
20, 7.527858, 8.049240 
