train_steps, RMSE, Max_Error 
 100, 0.174765, 0.394721 
200, 0.160899, 0.410210 
300, 0.172145, 0.382305 
