step,li_err, learning_rate, time_train, time_mc  
 150, 9.535476684570312, 0.009999999776482582, 12.236538171768188, 0.7496039867401123
