step,li_err, learning_rate, time_train, time_mc  
 150, 9.530790328979492, 0.009999999776482582, 12.355608463287354, 0.7636468410491943
300, 5.1582746505737305, 0.009999999776482582, 8.928197145462036, 0.17211222648620605
450, 2.8284473419189453, 0.009999999776482582, 8.819575548171997, 0.1820380687713623
600, 1.5520024299621582, 0.009999999776482582, 8.815698385238647, 0.18009662628173828
