train_steps, RMSE, Max_Error 
 100, 1.543323, 1.591444 
200, 0.209261, 0.217125 
300, 0.220531, 0.279326 
