train_steps, RMSE, Max_Error 
 10, 8.478738, 8.612209 
20, 8.473275, 8.607087 
