train_steps, RMSE, Max_Error 
 1000, 0.480355, 0.492301 
2000, 0.597137, 0.683199 
3000, 0.201804, 0.385819 
4000, 0.761052, 0.768546 
5000, 0.546435, 0.568191 
