train_steps, RMSE, Max_Error 
 100, 6.267267, 6.311352 
200, 6.282744, 6.369848 
300, 6.235784, 6.288516 
400, 6.179298, 6.253818 
500, 6.201230, 6.238942 
600, 6.102494, 6.133132 
700, 6.225902, 6.244472 
800, 6.271195, 6.347461 
900, 6.179202, 6.336467 
1000, 6.104029, 6.192844 
