train_steps, RMSE, Max_Error 
 10, 12.582994, 12.736012 
20, 23.020969, 23.174131 
30, 22.192247, 22.345406 
40, 19.152800, 19.305927 
50, 16.347231, 16.500324 
