train_steps, RMSE, Max_Error 
 500, 8.451025, 8.601043 
1000, 8.445717, 8.598801 
